,folds,test_auc,test_acc
0,0,0.9901960784313725,0.9447852760736196
1,1,0.9223856209150326,0.9325153374233128
2,2,0.9553376906318083,0.9386503067484663
3,3,0.9918300653594772,0.9754601226993865
4,4,0.9283769063180828,0.9386503067484663
5,5,0.9572440087145969,0.950920245398773
6,6,0.898148148148148,0.9386503067484663
7,7,0.9643246187363834,0.9570552147239264
8,8,0.9839324618736383,0.9570552147239264
9,9,0.9610566448801743,0.9447852760736196
